Content Title,Content Description,Content Type,Content Last Watched Date (if viewed),Content Completed At (if completed),Content Saved,Notes taken on videos (if taken),
Docker Foundations Professional Certificate,"Containers help developers pack up their applications, ensuring they run smoothly anywhere. Software developers need to understand these technologies to deliver software as a team. Whether you are new to Docker or looking to review the fundamentals, these courses can help. Tune in, pass the final exam, and earn your certificate.",Learning Path,N/A,N/A,true,N/A,
Penetration Testing Professional Certificate by Cybrary,"Penetration testing is a key discipline in a cybersecurity career. In this learning path, master ethical hacking, from the cyber kill chain to advanced exploit analysis. Gain hands-on expertise with Kali Linux, Metasploit, and Burp Suite to excel in identifying and mitigating vulnerabilities. Tune in, pass the exam, and earn your certificate.<br><br>This certificate is endorsed by Cybrary. To continue your learning journey, visit <a href=""https://www.cybrary.it/career-path/it-and-cybersecurity-foundations"">Cybrary Career Paths</a>.",Learning Path,2025-02-06 15:03 UTC,N/A,false,N/A,
CONTENT METADATA NO LONGER EXISTS - urn:li:lyndaLearningPath:660eec77498e159e34a68fd8,CONTENT METADATA NO LONGER EXISTS - urn:li:lyndaLearningPath:660eec77498e159e34a68fd8,Learning Path,2025-02-06 17:38 UTC,2025-02-06 17:26 UTC,true,N/A,
Career Essentials in GitHub Professional Certificate,"Want to advance your developer journey? Are you a new computer science grad looking for a developer role? These courses teach the skills to enrich your GitHub portfolio and elevate your profile in today's competitive job market. Tune in, pass the final exam, and earn your professional certificate.",Learning Path,2025-02-05 16:45 UTC,2025-02-05 16:43 UTC,true,N/A,
Career Essentials in Cybersecurity by Microsoft and LinkedIn,Discover the skills needed for a career in cybersecurity. Gain a solid understanding of commonly used cybersecurity terms. Explore the current threat landscape and learn the core concepts of cybersecurity.  ,Learning Path,2025-02-18 12:24 UTC,2025-02-18 12:21 UTC,true,N/A,
Nano Tips for Using AI for Brand Storytelling with Ash Rathod,"Welcome to our <i>Nano Tips</i> series, where LinkedIn Learning creators deliver impactful lessons in literally seconds. In this course, Ash Rathod offers tips on how to use AI tools for inspiration, productivity, and identifying with your audience as a storyteller. Learn about the human-AI creative balance, ethical AI storytelling pitfalls to avoid, crafting better AI prompts, and more.",Course,2025-02-03 17:46 UTC,N/A,false,N/A,
Demystifying Advanced and Complex Security Topics,"<p>Have you ever wanted to know more about the complex world of cybersecurity, but weren’t sure where or how to begin? This course is designed to help you unravel the intricacies of some of the most important and most challenging topics in today’s cybersecurity landscape, particularly if you already have a basic understanding of the field and are looking to learn more about advanced concepts and practices.</p><p>Join industry-leading expert and CISO Jerich Beason as he covers a wide variety of topics, including advanced threat detection, complex network security architectures, cutting-edge cybersecurity technologies, and the latest trends in cyberdefense strategies. By the end of this course, you’ll be prepared to identify, think about, explain, and address complex cybersecurity challenges using industry-leading protocols and practices.</p>",Course,2025-02-05 12:23 UTC,N/A,false,N/A,
Tips to Enhance Emotional Intelligence with Calming Exercises,"Our internal state dictates the way that we show up and interact with the world around us. This includes managing not only feelings of excitement but also moments of stress and overwhelm. In this course, mental health and well-being expert Nidhi Tewari outlines a series of exercises that can help you identify and regulate your emotions in order to manage stress, increase your emotional intelligence, and boost your capacity to interact with others with self-awareness. Nidhi guides you through techniques such as fine-tuning neuroception and interoception, identifying and interrupting emotional triggers, using 4-7-8 breathing to manage strong emotions, and leveraging the relationship between emotions, thoughts, and actions. By the end of this course, you’ll have developed greater self-awareness to recognize signs of stress long before they overwhelm you.",Course,2025-04-13 03:13 UTC,N/A,false,N/A,
Microsoft Security Copilot (2024),"<p>Microsoft Copilot for Security is a potential game-changer in the cybersecurity industry. Leveraging the power of generative AI, it rapidly turns questions, known as prompts, into intelligent and actionable guidance, revolutionizing the way you approach security defense. Copilot for Security allows you to complete tasks in minutes instead of a full day, streamline previously complex security operations, bridge the talent gap in cybersecurity, and more.</p><p>In this course, instructor Bryan Li delves into this important topic, covering the rise of generative AI, how it affects cybersecurity leaders and professionals, and how to get started with Copilot for Security. Explore the key capabilities of Copilot for Security and how to apply it in everyday security operations.</p><p>This course is part of a <a href=""https://www.linkedin.com/learning/paths/career-essentials-in-cybersecurity-by-microsoft-and-linkedin"" target=""_blank"">Professional Certificate</a> from Microsoft.</p>",Course,2025-02-18 12:24 UTC,2025-02-18 12:21 UTC,false,N/A,
C# Practice: Interfaces and Abstract Classes,"<p>Test your object-oriented knowledge of C# in this edition of <i>Code Challenges</i>. Instructor and .NET developer Walt Ritscher presents five hands-on, intro-level challenges focused on abstract classes and interface implementation. Each challenge examines one aspect of these topics, and after you write the code to solve the challenge, check your work against Walt’s solution.</p>
<p>This course includes Code Challenges powered by CoderPad. Code Challenges are interactive coding exercises with real-time feedback, so you can get hands-on coding practice alongside the course content to advance your programming skills.</p>",Course,2025-02-18 06:23 UTC,N/A,false,N/A,
Diversity and Inclusion in Marketing: Inclusive Language for Marketers,"Words matter. For as much as words can make a positive impact with an audience, they can also divide and alienate us. Now more than ever, it’s critical for marketers to intentionally use inclusive language. In this course, Andrew McCaskill, Senior Director of Global Communications at LinkedIn, shares practical guidance on this critical topic. Andrew outlines the basics of inclusive language, and he provides a framework to evaluate your marketing assets, such as checking for stereotypes and gender-inclusive language. If you’re looking for a guide to help you navigate the critical aspects of diversity and inclusion, join Andrew in this course.",Course,2023-01-28 12:14 UTC,N/A,false,N/A,
Object-Oriented Programming and WordPress,"Object-oriented programming is ideal in large, complex, and continually maintained projects. It lets you take a huge problem and break it down into solvable chunks. In this course, Gary Kovar covers the benefits of OOP, answers “Why OOP in WordPress?” and how to best connect with WordPress. Gary takes you through a refresher on OOP PHP syntax, takes a deep look at architecture concepts, shows you what OOP is <em>not</em> good for, simple wins with OOP, and team benefits. He also provides multiple real-world examples of OOP and WordPress—including building a plugin using what you’ve learned in the course. If you have some experience with OOP—and some frustration—check out this course to learn how you can use it to your benefit when creating WordPress plugins.",Course,2025-02-05 07:19 UTC,N/A,true,N/A,
CONTENT METADATA NO LONGER EXISTS - urn:li:lyndaCourse:4586280,CONTENT METADATA NO LONGER EXISTS - urn:li:lyndaCourse:4586280,Course,2024-08-06 17:03 UTC,N/A,false,N/A,
Introduction to Artificial Intelligence (2023),"<p>Computer scientists are just a small slice of people working in artificial intelligence. Most of the people working in AI are project managers, product managers, directors, and executives. People just like you. This course helps you grasp key concepts in artificial intelligence. You’ll see how AI can enhance your products, life, and career. AI has been around for over half a century. Even with its huge strides, the core ideas in machine learning and neural networks are still accessible. </p><p> 
This course is designed for project managers, product managers, directors, executives, and students starting a career in AI. Get a high-level overview of the top tools in the field. First, see what it means for a system to display “intelligence.”  Then, learn algorithms and techniques involved in machine learning, artificial neural networks, and deep learning. Once simplified, AI looks less like magic and more like an exciting new set of technology tools. </p><p>This course is part of a <a href=""https://www.linkedin.com/learning/paths/data-science-professional-certificate-by-knime"" target=""_blank"">Professional Certificate</a> from KNIME.</p>",Course,N/A,N/A,true,N/A,
Mastering Presentations for Non-Native English Speakers,"<p>Giving presentations can be challenging and uncomfortable—even more so when they are not in your native language. In this course, Liesje Sandler, an English coach at Speexx, teaches how to give a successful presentation that makes you feel confident and comfortable. Learn how to prepare a good presentation, master transitions during the presentation, and deal with questions. Plus, get tips and the necessary wording to ensure that the presentation runs smoothly from start to finish.
</p><p>
This course is part of a <i>Business English for Non-Native Speakers</i> series aimed at anyone with a basic knowledge of English who wants to improve their business English skills.</p>",Course,2024-04-28 10:49 UTC,N/A,false,N/A,
IT and Cybersecurity Risk Management Essential Training,"<p>If you work in IT risk management, you already know that one of the biggest challenges you face is the fact that you have limited resources to manage seemingly unlimited risk. So, how can you use your limited resources to reduce your greatest IT risks down to an acceptable level? To do that you need to understand what IT risk management really is and how it works in practice. In this course, information security expert Kip Boyle teaches how to set your organization up for success so they can stay in control of their data and systems. Kip imparts knowledge that will help deliver solid results with confidence and clarity, no matter the size of your company or the size of your budget. As he shows, if you do IT risk management well, you’ll have no trouble complying with cybersecurity laws, regulations, and customer requirements that require you to take a risk-based approach to protecting your digital assets.</p><p>This course includes AI-powered Role Play. Role Play allows you to practice what you’ve learned in interactive simulations of real-world conversations.</p>",Course,N/A,N/A,true,N/A,
Building a Privacy Program in the Age of GenAI,"Dive into the world of privacy and data governance as Nishant Bhajaria—a privacy and security leader—guides you through essential topics such as data classification, inventory, and the importance of timely data deletion. Discover how to implement robust third-party risk management processes, ensuring that your company's external partnerships contribute to a secure data ecosystem. Understand the risks of data exfiltration, poisoning, and bias in AI systems, and explore best practices for mitigating these threats. Learn how to enhance transparency with users and maintain regulatory compliance through privacy impact assessments and robust review processes. Find out how technical privacy reviews can preemptively improve product design and prevent bad code deployment. When you complete this course, you'll be equipped to transform privacy from a compliance requirement into a strategic advantage for your organization.",Course,2025-07-11 07:08 UTC,N/A,false,N/A,
Harness Your Anxiety for Good,"<p>In this course, New York University neuroscientist Dr. Wendy Suzuki shares practical wisdom to help individuals harness the power of anxiety and turn it into a positive force. She discusses how to understand and influence anxiety positively and delves into the concept of ""good"" anxiety, illustrating how it can enhance performance and drive success. She reveals techniques for cultivating presence and routine, connecting to motivation and purpose, and dealing with common challenges like imposter syndrome. Plus, learn how to leverage anxiety to maximize your potential and stay present every day.
 </p><p>
This course was created by Morra Aarons-Mele of <i>The Anxious Achiever</i>. We are pleased to offer this insightful discussion in our library.",Course,2025-04-05 12:50 UTC,N/A,false,N/A,
Threat Hunting Essential Training,"<p><b>Suggested Prerequisites</b></p>
<ul>
<li>Basic working knowledge of cybersecurity, its core concepts, and essential terminology.</li>
</ul>
<p>Just because an organization opts to spend a fortune on cybersecurity doesn’t mean that it’s immune to an attack. Join information security thought leader Michael Wylie for a comprehensive introduction to threat hunting: a core skill for any cybersecurity professional tasked with detecting and isolating the most advanced, hard-to-find security threats.</p>",Course,N/A,N/A,true,N/A,
Career Essentials in System Administration by Microsoft and LinkedIn,"If you’re interested in a career in system administration but aren’t  sure where to start, this course is for you. System administration requires skills spanning across many topics, and in this course, Robert McMillen helps you get  started by providing an overview of the role, core skills and tools needed, and how to start and advance your career. Learn about managing on-premises, cloud, physical, and virtual implementations, as well as storage security and much more. If you’re looking for the skills necessary to continue your learning journey and earn a Career Essentials Certificate by Microsoft and LinkedIn to showcase your skills to employers, join Robert in this course.",Course,N/A,N/A,true,N/A,
Practical GitHub Project Management and Collaboration,"<p>If you’re looking to take advantage of the more powerful features of GitHub, this course was designed for you. GitHub is more than just a code repository—it's also a system for managing social interactions and collaborating with your teammates to create better code. Join Senior LinkedIn Learning staff instructor Ray Villalobos to learn how to get started using GitHub’s built-in project management and collaboration tools like a pro. Ray helps you choose the best approach for creating a project, from customizing settings and fields to using view categories, assigning items to collaborators, and managing pull requests. Along the way, explore techniques for leveraging project tools such as labels, task lists, slash commands and emojis, views and filters, charts, insights, and visualizations.</p><p>This course is part of a <a href=""https://www.linkedin.com/learning/paths/career-essentials-in-github-professional-certificate"">Professional Certificate</a> from GitHub.</p>",Course,2025-02-05 14:13 UTC,2025-02-05 14:13 UTC,false,N/A,
IT Security Foundations: Core Concepts,"Every day, we interact with our digital devices. At the same time, we’re faced with the threat of cyberattacks that can compromise our privacy and security. Learning the basics of how to secure our digital world will help us avoid becoming victims of a cyberattack. In this beginner-level course, <i>IT Security Foundations</i> series creator Lisa Bock covers basic security concepts. Learn strategies malicious actors use to gain access to your system using social engineering, malware, and spyware. Dive into some basic wireless security best practices, tips for beefing up browser security, and techniques for implementing encryption. Additionally, find out how to manage cookies when using a browser and discover best practices on how to secure your devices and applications.",Course,N/A,N/A,true,N/A,
Practical GitHub Code Search,"<p>GitHub is a vast code repository—with over 100 million developers and more than 330 million repositories, it’s the largest developer platform in the world. Finding your way when you're looking for something specific can be difficult, but GitHub has tools to help. In this course, Ray Villalobos helps you find what you need. Ray starts out with a look at the regular search features of GitHub—showing you how to use the search box along with shortcuts, qualifiers, and operators, and how to use the results page to further refine your search. He then shows you how GitHub works when searching for code, including finding code you want to learn from as well as improvements with code search results. Join Ray in this course to find out how you can search, understand, and get the code faster and more efficiently than ever before.</p><p>This course is part of a <a href=""https://www.linkedin.com/learning/paths/career-essentials-in-github-professional-certificate"">Professional Certificate</a> from GitHub.</p>",Course,2025-02-05 16:44 UTC,2025-02-05 16:43 UTC,false,N/A,
Learning Arduino: Interfacing with Hardware,"Arduino enables programmers to experiment with hardware and build interactive, digital projects connected to lights, sensors, and motors. This training course introduces you to the Arduino microcontroller, showing how to interface with three common components: an LCD screen, a seven-segment LED, and a keypad. Instructor Zara Khalil shows how to wire and program the interfaces and perform basic tasks: displaying randomized numbers, looping through an LED pattern, and accepting input from the keypad. The course is filled with zoomed-in, hands-on demonstrations that show how to complete the physical wiring, as well as tutorials that take you through high-level Arduino concepts and practical coding techniques. Follow along to learn how to create your own electronics with this popular maker tech platform.",Course,2025-02-24 15:17 UTC,N/A,false,N/A,
Practice Exam 1 for AWS Cloud Practitioner (CLF-C02),"<p>This practice exam is intended to help you prepare for the <b>AWS Cloud Practitioner (CLF-C02)</b> certification exam. After you launch the practice exam, there are three practice modes available; timed, untimed, or custom. Each mode allows unlimited attempts, explanations for correct and incorrect answers, and detailed exam results. The number and types of questions on the practice exam and the duration of the timed practice exam is intended to be representative of the certification exam.</p>
<p><b>Want more practice?</b> Additional practice exams for this certification are available and each has a unique question set for continued preparation.</p>
<ul>
<li><a href=""https://www.linkedin.com/learning/practice-exam-2-for-aws-cloud-practitioner-clf-c02/"" target=""_blank"">Practice Exam 2 for AWS Cloud Practitioner (CLF-C02)</a></li>
<li><a href=""https://www.linkedin.com/learning/practice-exam-3-for-aws-cloud-practitioner-clf-c02/"" target=""_blank"">Practice Exam 3 for AWS Cloud Practitioner (CLF-C02)</a></li>
<li><a href=""https://www.linkedin.com/learning/practice-exam-4-for-aws-cloud-practitioner-clf-c02"" target=""_blank"">Practice Exam 4 for AWS Cloud Practitioner (CLF-C02)</a></li>
</ul>
<p><b>About the certification</b>: To learn more about this certification, visit <b><a href=""https://aws.amazon.com/certification/certified-cloud-practitioner/"">Amazon Web Services</b></a>.</p>
<p><I>The practice exam questions provided are representative of the certification exam, but not the actual questions you will see on the certification exam. Practice exams are for self-assessment. Passing this practice exam does not guarantee that you will pass the actual certification exam.</I></p>",Course,2025-02-14 15:16 UTC,2025-02-14 15:15 UTC,true,N/A,
Nano Tips for Handling Difficult Work Situations with Tiffany Uman,"<p>Welcome to our <i>Nano Tips</i> series, where LinkedIn Learning creators deliver impactful lessons in literally seconds. In this installment, discover strategies for identifying, addressing, and overcoming difficult situations at work, with expert advice from career strategy coach, former Fortune 500 senior director, author, and global speaker Tiffany Uman.</p><p>Explore the fundamentals of successfully navigating challenging workplace dynamics. Learn how to push back at work, think on your feet with confidence, manage overlapping deadlines and conflicts, deal with other people taking credit for your work, and receive feedback with grace and poise. Along the way, Tiffany shares practical insights on overcoming common mistakes so you can stay focused on what matters most. By the end of this course, you’ll be ready to speak up in meetings, make last-minute pivots, and leverage the full power of your professional voice.</p>",Course,2025-03-02 00:10 UTC,N/A,false,N/A,
ISO 27001:2022-Compliant Cybersecurity: Getting Started,"<p>Discover why the ISO 27001-2022 standard is one of the most popular frameworks for building effective cybersecurity programs and learn what it takes to comply with and get certified as compliant with this standard. In this course, cybersecurity director Marc Menninger provides an overview of how to build an ISO 27001-2022-compliant cybersecurity program. Learn what this standard is and discover why it is used around the world as the guidebook for constructing information security programs that work. Dive into how the standard is organized and get a description of the certification process. Explore a step-by-step plan that you can follow if you want to build a cybersecurity program that complies with the ISO 2700-2022 standard. Additionally, go over gaps and criticisms of the standard and examine ways to fill those gaps. With the information in this course, you can begin to build a cybersecurity program that is both effective and compliant with ISO 27001-2022.</p>",Course,2025-02-12 15:25 UTC,2025-02-12 15:21 UTC,true,N/A,
Practice Exam 3 for CompTIA Security+ (SY0-701),"<p>This practice exam is intended to help you prepare for the <b>CompTIA Security+ (SY0-701)</b> certification exam. After you launch the practice exam, there are three practice modes available: timed, untimed, or custom. Each mode allows unlimited attempts, explanations for correct and incorrect answers, and detailed exam results. The number and types of questions on the practice exam and the duration of the timed practice exam is intended to be representative of the certification exam.</p>
<p><b>Want more practice?</b> Additional practice exams for this certification are available and each has a unique question set for continued preparation.</p>
<ul>
<li><a href=""https://www.linkedin.com/learning/practice-exam-1-for-comptia-security-plus-sy0-701/about-the-practice-exam?u=104"" target=""_blank""> Practice Exam 1 for CompTIA Security+ (SY0-701)</a></li>
<li><a href=""https://www.linkedin.com/learning/practice-exam-2-for-comptia-security-plus-sy0-701/about-the-practice-exam?u=104"" target=""_blank"">Practice Exam 2 for CompTIA Security+ (SY0-701)</a></li>
<li><a href=""https://www.linkedin.com/learning/practice-exam-4-for-comptia-security-plus-sy0-701/about-the-practice-exam?u=104"" target=""_blank"">Practice Exam 4 for CompTIA Security+ (SY0-701)</a></li>
</ul>
<p><b>About the certification</b>: To learn more about this certification, visit <b><a href=""https://www.comptia.org/certifications/security#examdetail"" target=""_blank"">CompTIA.</a></b></p>
<p>The practice exam questions provided are representative of the certification exam, but not the actual questions you will see on the certification exam. Practice exams are for self assessment. Passing this practice exam does not guarantee that you will pass the actual certification exam.</p>",Course,N/A,N/A,true,N/A,
Practice Exam 1 for CompTIA Security+ (SY0-701),"<p>This practice exam is intended to help you prepare for the <b>CompTIA Security+ (SY0-701)</b> certification exam. After you launch the practice exam, there are three practice modes available: timed, untimed, or custom. Each mode allows unlimited attempts, explanations for correct and incorrect answers, and detailed exam results. The number and types of questions on the practice exam and the duration of the timed practice exam is intended to be representative of the certification exam.</p>
<p><b>Want more practice?</b> Additional practice exams for this certification are available and each has a unique question set for continued preparation.</p>
<ul>
<li><a href=""https://www.linkedin.com/learning/practice-exam-2-for-comptia-security-plus-sy0-701/about-the-practice-exam?u=104"" target=""_blank"">Practice Exam 2 for CompTIA Security+ (SY0-701)</a></li>
<li><a href=""https://www.linkedin.com/learning/practice-exam-3-for-comptia-security-plus-sy0-701/about-the-practice-exam?u=104"" target=""_blank"">Practice Exam 3 for CompTIA Security+ (SY0-701)</a></li>
<li><a href=""https://www.linkedin.com/learning/practice-exam-4-for-comptia-security-plus-sy0-701/about-the-practice-exam?u=104"" target=""_blank"">Practice Exam 4 for CompTIA Security+ (SY0-701)</a></li>
</ul>
<p><b>About the certification</b>: To learn more about this certification, visit <b><a href=""https://www.comptia.org/certifications/security#examdetail"" target=""_blank"">CompTIA.</a></b></p>
<p>The practice exam questions provided are representative of the certification exam, but not the actual questions you will see on the certification exam. Practice exams are for self assessment. Passing this practice exam does not guarantee that you will pass the actual certification exam.</p>",Course,N/A,N/A,true,N/A,
Advanced Pen Testing Techniques for Active Directory,"As a security professional, one of your most important jobs is to make sure that only authorized users have access to your system. Most often, this is achieved via credential-based access control, where credentials are stored in central directories like Microsoft Active Directory (AD). But are you really ready to handle an unexpected cyberattack?<br><br>In this course, instructor Malcolm Shore gives you an overview of Active Directory, including how to enumerate it and validate its security with penetration testing. Explore the core concepts of penetration testing and why it’s so important for enterprise security management. Learn how AD interacts with identity providers and how you interact with it at the command line using LDAP protocol as well as through Powerpoint. Malcolm teaches you some key tricks and gives you examples of how to get the most out of your audits by understanding and utilizing spray attacks, hash extractions, impacket libraries, and brute force attacks.",Course,2025-09-04 10:25 UTC,N/A,false,N/A,
Becoming a Male Ally at Work,"Gender diversity in the workplace drives innovation and performance. As a male ally, you can help boost diversity by chipping away at the systems that perpetuate everyday unconscious bias. In this course, Emilie Aries shares simple actions you can take right away to further gender equality in your workplace. Get tips for amplifying women's voices at work, including how to use your power to pass the mic to those whose voices often go unheard. Learn how to challenge the common leadership-likability double bind that women face as they rise through the ranks. Plus, learn how to sponsor women at work, shoulder your share of emotional labor, and more.",Course,2025-03-04 13:09 UTC,N/A,false,N/A,
ISO 27001:2022-Compliant Cybersecurity: The Annex A Controls,"<p>The Annex A controls in the ISO 27001 standard are used by organizations around the world to improve their information security programs and demonstrate good security practices to others. In this second part of his two-part ISO 27001 course, instructor Marc Menninger provides a comprehensive overview of all 93 security controls in Annex A of the ISO 27001 standard. You can use this knowledge to build a better security program and prepare for compliance with the ISO 27001 standard. This course includes handy documents with recommended ways to demonstrate compliance with ISO 27001, providing you with tools you need to get started on implementing the controls to build an ISO 27001-compliant cybersecurity program.
</P><p>Note: It is recommended that you start with part one, <i>ISO 27001:2022-Compliant Cybersecurity: Getting Started</i>, which includes background information and compliance requirements you need to know if you're serious about building an ISO 27001-compliant cybersecurity program.",Course,N/A,N/A,true,N/A,
Aprende Ansible: automatiza tu servidor Linux,"Aprende a automatizar tu servidor Linux con este curso. El objetivo es dominar esta poderosa herramienta de automatización para ahorrar tiempo y recursos en tareas recurrentes. Descubre cómo repetir y controlar procesos de manera automática, ahorrando tiempo y simplificando tareas tediosas. Exploraremos Ansible y sus particularidades en entornos Linux: desde tareas básicas hasta instalaciones completas de servidores, el límite lo pones tú con Ansible. No pierdas la oportunidad de simplificar tus operaciones y optimizar tu productividad. ¡Lleva tu servidor Linux al siguiente nivel!",Course,2024-06-10 11:12 UTC,N/A,false,N/A,
Artificial Intelligence Foundations: Machine Learning,"<p>Machine learning is the most exciting branch of artificial intelligence. It allows systems to learn from data by identifying patterns and making decisions with little to no human intervention. In this course, you'll navigate the machine learning lifecycle by getting hands-on practice training your first machine learning model. Join instructor Kesha Williams as she explores widely adopted machine learning methods: supervised, unsupervised, and reinforcement. There's a focus on sourcing and preparing data and selecting the best learning algorithm for your project. After training a model, learn to evaluate model performance using standard metrics. Finally, Kesha shows you how to streamline the process by building a machine learning pipeline. If you’re looking to understand the machine learning lifecycle and the steps required to build systems, check out this course. </p><p>This course is part of a <a href=""https://www.linkedin.com/learning/paths/machine-learning-statistical-foundations-professional-certificate-by-wolfram-research"" target=""_blank"">Professional Certificate</a> from Wolfram Research.</p>",Course,N/A,N/A,true,N/A,
Working with Difficult People,"<p>In every workplace, you're likely to encounter colleagues who are more difficult to work with than others. But before you rush to judgment, you should determine if and how you might be contributing to the situation, and what you can do to help.</p><p>In this course, join psychologist Dr. Emily Anhalt as she shows you how to navigate and communicate with people who you find challenging to deal with at work. Pause and reflect on your role in challenging work situations to uncover how empathy can help you work better with others. Emily shares strategies to respond to a wide variety of particularly challenging work situations, including with people whose behavior is negative, absent, competitive, and passive-aggressive. By the end of this course, you’ll be prepared with new skills and practical strategies to have an effective conversation with someone you find difficult to work with.</p><p>This course includes AI-powered Role Play. Role Play allows you to practice what you’ve learned in interactive simulations of real-world conversations.</p>",Course,2024-07-30 16:38 UTC,N/A,false,N/A,
Azure Network Engineer Associate (AZ-700) Cert Prep: Design and Implement Private Access to Azure Services,"Becoming an Azure Network Engineer Associate can open up all kinds of career possibilities. It shows you have the know-how to deploy and manage IT services—a critical skill for network administrators. In this course, Microsoft MVP Karl Cooke helps you get ready for the fifth domain of the Azure Network Engineering Associate (AZ-700) certification exam, which is focused on designing and implementing private access to Azure services. Learn how to properly secure Azure virtual networks and protect an organization’s data by implementing private access techniques. Explore the differences between private endpoints and service endpoints, as well as when and how to use each. Karl takes you through the process of configuring VNet integration for dedicated PaaS services. Upon completing this course, you’ll be prepared to show off your new skills and crush the certification exam.",Course,2025-05-16 05:22 UTC,N/A,false,N/A,
AWS Certified Solutions Architect - Associate (SAA-C03) Cert Prep (February 2025),"Earning the AWS Certified Solutions Architect - Associate (SAA-C03) certification vets your ability to design cost- and performance-optimized solutions leveraging the powerful features of AWS. Join instructor Tom Carpenter as he demonstrates the fundamental cloud-computing skills required to pass the exam. Discover the basics before progressing into specific AWS services, security and compliance considerations, and AWS regions and availability zones. An ideal fit for anyone beginning their cloud computing journey as an AWS architect, this course equips you with in-demand skills and prepares you to tackle the official SAA-C03 exam.",Course,2025-07-22 22:11 UTC,N/A,true,N/A,
"AWS Certified Cloud Practitioner (CLF-C02) Cert Prep: 4 Billing, Pricing, And Support","Cloud Computing continues to be a dominant platform, but documentation and resources for using AWS can be rife with technical jargons and concepts that are challenging for people without technical backgrounds to understand. In this introductory course, Hiroko Nishimura, AWS Community Hero and founder of <a href=""https://awsnewbies.com/about/"" target=""_blank"">AWS Newbies</a>, guides you through the basics of billing, pricing, and support in AWS and helps you prepare for the Billing, Pricing, and Support domain of the AWS Certified Cloud Practitioner (CFL-C02) exam. Learn about the types of changes and billing tools available on AWS. Go over how to budget and manage resources. Plus, explore the support and billing resources that are available to you.",Course,2025-02-06 11:58 UTC,2025-02-06 11:54 UTC,true,N/A,
Cybersecurity Awareness: Cybersecurity Terminology,"<p>Do you want to play your part in keeping your company and its assets secure, but you’re not sure if you fully understand the security team’s terminology? Understanding the foundations of cybersecurity can help you create a truly secure environment both at work and in your personal life. In this course, instructor Lauren Zink takes you on a crash course for building your awareness of cybersecurity vocabulary, so you can be better equipped to secure your network, whether you’re at home, on the go, or on the job.</p><p>Discover core concepts in the cybersecurity field by exploring the relationship between people, processes, and technology, noting the variety of terminology in the constantly shifting security landscape, and building your skills along the way. Find out more about common threats and risks and what they mean to you, as Lauren breaks down the meaning of some of the most frequently used terms and demonstrates how they can be applied to create a more secure environment.</p><p>This course is part of a <a href=""https://www.linkedin.com/learning/paths/career-essentials-in-cybersecurity-by-microsoft-and-linkedin"" target=""_blank"">Professional Certificate</a> from Microsoft.</p>",Course,2025-02-16 22:05 UTC,2025-02-16 22:03 UTC,true,N/A,
Nano Tips for Inclusive Leadership with India Martin,"<p>Welcome to our <i>Nano Tips</i> series, where a new generation of LinkedIn Learning instructors deliver impactful lessons in literally seconds. In this installment, join leadership expert, C-suite coach, and globally recognized culture, inclusion, and sustainability strategist India Gary-Martin as she shares insights and practical strategies designed to help you become a more inclusive leader.</p><p>Explore the power of language as you learn how to lead with inclusivity while staying mindful of language, cultural values, perspectives, and more. Along the way, India outlines what it takes to create a truly inclusive culture. Discover the role of equity in inclusion, the power of inclusive decision-making, how to build trust and psychological safety, and how to make inclusivity sustainable—for you, your organization, and everyone on your team. By the end of this course, you’ll also be prepared to navigate common missteps and address the challenges and implications of exclusion.</p>",Course,2025-02-27 08:11 UTC,N/A,false,N/A,
Train Your Brain to Unwind Stress and Anxiety Habits,"<p>Are you feeling overwhelmed with work and life, but not sure how to respond? Stress and anxiety can be caused by all kinds of triggers that are often driven on a neurological level. In this course, join Judson Brewer MD PhD—psychiatrist, neuroscientist, <i>New York Times</i> best-selling author, and professor at Brown University—to learn how to identify why stress and anxiety can drive powerful habits and behaviors that make you feel even worse.</p><p>Gather insights on recognizing the neurological loop of anxiety, which can lead to increased thoughts and feelings of anxiety. Galvanize your energy to respond quickly and strategically to some of your most negative thoughts, feelings, and behaviors. Along the way, Dr. Brewer shows you how to start making more intentional decisions so that you can break free from cycles of stress and anxiety in both your professional and personal life.</p>",Course,2024-07-23 15:07 UTC,N/A,false,N/A,
Aprende gobernanza de datos,"Potencia tus habilidades en gobernanza de datos con este curso especializado. Dirigido a profesionales que desean dominar las mejores prácticas y principios de gobernanza de datos, así como a gerentes interesados en implementarla en sus equipos. Aprenderás a establecer y mantener prácticas efectivas de gobierno de datos en tu organización, desde una sólida introducción hasta la implementación de frameworks y estrategias. Impulsa tu carrera y maximiza el valor de los datos en tu empresa con este curso completo sobre gobernanza de datos.",Course,2024-04-04 13:04 UTC,N/A,false,N/A,
AWS Certified Cloud Practitioner (CLF-C02) Cert Prep: 3 Cloud Technology and Services,"Cloud Computing continues to be a dominant platform, but documentation and resources for using AWS can be rife with technical jargons and concepts that are challenging for people without technical backgrounds to understand. In this introductory course, Hiroko Nishimura, AWS Community Hero and founder of <a href=""https://awsnewbies.com/about/"" target=""_blank"">AWS Newbies</a>, gets you up to speed on the benefits of cloud computing and AWS, while helping you prepare for the Cloud Technology and Services domain of the AWS Certified Cloud Practitioner (CFL-C02) exam. Learn about deploying and operating in AWS Cloud. Explore compute, storage, database, and network services. Dive into AI, machine learning, and analytic services. Plus, learn how to use the management tools available to you in AWS.",Course,2025-02-06 17:37 UTC,2025-02-06 17:26 UTC,true,N/A,
Cybersecurity Awareness: Ransomware,"<p>Are you looking to learn more about ransomware, the new face of cybercrime and extortion? In this course—part of the larger LinkedIn Learning Cybersecurity Awareness learning path—join award-winning cybersecurity leader and podcaster Nicole Dove for an overview of ransomware, its impact on businesses, and how to defend your company from attacks.</p><p>Help protect your organization like a pro, regardless of your technical background or current role, following expert advice from Nicole as she outlines some of the most common tactics used to deliver a compromising attack. Explore the basic elements of ransomware attacks, why cybercriminals prefer ransomware, a few notable examples of attacks, and how they’ve evolved in scope over time.</p>",Course,2024-04-12 13:54 UTC,N/A,true,N/A,
Ableton Live 12 Essential Training,"Do you work in audio recording, loop-based songwriting, or synth and sound design? In this course, music professor Rick Schmunk walks you through a variety of ways you can use Ableton Live 12 in your workflows. Rick shows you how to set up your system and use the Ableton Live user interface. He explains how to work with the browser, the Arrangement view, and the Session view. After going over how to use the MIDI Editor, how to record and edit audio, and how to work with arrangements, Rick covers plug-ins, effects racks, the live mixer, and mapping. Then he demonstrates how to make your life easier by automating graphics, editing, and clips, including real-time automation. Rick concludes with some practical advice on managing your files.",Course,2025-02-12 09:10 UTC,N/A,false,N/A,
IT Security Foundations: Operating System Security,"Many attacks target the operating system, which makes OS-level security just as important to your organization as network security. In this course, instructor Lisa Bock details what’s actually involved in securing an operating system, whether you’re using Windows, macOS, or Linux. Lisa reviews user authentication, the structure of Active Directory, and how to assign permissions and create audit policies. In addition, she covers various cryptographic techniques, as well as how to protect servers and email.",Course,N/A,N/A,true,N/A,
The Practicing Photographer,"<p>In <i>The Practicing Photographer</i>, photographer and teacher Ben Long shares a weekly serving of photographic instruction and inspiration. Each installment focuses on a photographic shooting scenario, a piece of gear, or a software technique. Each one concludes with a call to action designed to inspire you to pick up your camera (or your mouse or smartphone) to try the technique for yourself.</p><p>Note: Because this is an ongoing series, viewers will not receive a certificate of completion.</p>",Course,2025-02-19 10:42 UTC,N/A,false,N/A,
Advanced Cyber Threat Intelligence,"<p>Do you want to take your cyber threat intelligence skills to the next level so you can better protect your organization? In this advanced cyber threat intelligence course, learn to leverage existing data sources, reduce false positives, and use models like the Cyber Kill Chain and the MITRE ATT&CK framework to structure your analysis. Go over internal data acquisition, as well as external, private, community, and public data sources, and learn how to leverage OSINT. Explore data processing, including common CTI standards, storage, integration, and threat intelligence platforms. Get a thorough introduction to analysis with Cyber Kill Chain, the diamond model, and the courses of action matrix. Explore campaign analysis and attribution. Plus, dive into dissemination and tactical, operational, and strategic intelligence.</p>

<p>This course was created by Cybrary. We are pleased to host this training in our library.</p>",Course,N/A,N/A,true,N/A,
Cybersecurity Foundations,"<p>Set a rock-solid foundation for your network, users, and data by learning about the basics of cybersecurity. Join security expert Malcolm Shore as he describes how to assess and mitigate risks using various cybersecurity frameworks and control standards, such as NIST and COBIT.</p>
 
<p>Malcolm details pertinent cyber threats and how they operate, including how cyber criminals hide their attacks, how advanced persistent threats work, and even how to determine what's real and what's merely cyber fear, uncertainty, and doubt (FUD). He also covers the way in which cyber risk is managed and the lifecycle of cybersecurity—from managing defense through to preparing for and responding to an incident. And since cybersecurity has taken on an increasingly visible global dimension, Malcolm concludes the course with a discussion of international cyber norms and protocols.</p><p>This course is part of a <a href=""https://www.linkedin.com/learning/paths/career-essentials-in-cybersecurity-by-microsoft-and-linkedin"" target=""_blank"">Professional Certificate</a> from Microsoft.</p>",Course,2025-02-17 18:43 UTC,2025-02-17 14:21 UTC,true,N/A,
Introducción a las habilidades profesionales en el desarrollo de software,"¿Está preparado para dar el primer paso en tu viaje por la programación informático? Tal vez quieras conseguir un nuevo trabajo o cambiar de profesión a un sector diferente. Sea cual sea tu objetivo, no necesitas una formación tecnológica para empezar a programar hoy mismo. En este curso, la instructora Annyce Davis te ofrece una visión completa, entre bastidores, de lo que realmente es trabajar en programación, desde los conceptos básicos y las habilidades profesionales fundamentales, hasta el aterrizaje de tu primer trabajo y el desarrollo de tu carrera.<br><br>Descubre el poder de la informática en proyectos y funciones técnicas mientras te preparas para el examen de certificación de Microsoft GSI Programming Foundations. Descubre cómo es una semana en la vida de un programador que trabaja en desarrollo de software. Explora las herramientas del oficio y varios lenguajes de programación con un curso intensivo de Python, un lenguaje de programación orientado a objetos que es amigable para los principiantes y fácil de usar. Al terminar este curso, estarás listo para reescribir tu currículum y empezar a buscar trabajo hoy mismo.

</p><p>Este curso es parte de un <a href=""https://www.linkedin.com/learning/paths/fundamentos-profesionales-del-desarrollo-de-software-por-microsoft-y-linkedin"" target=""_blank"">certificado profesional de Microsoft.</a></p>",Course,2024-06-03 12:06 UTC,N/A,false,N/A,
Ethical Hacking: SQL Injection,"SQL injections are a common way to gain unauthorized access to web applications and extract data from them. In this course, instructor Malcolm Shore shows you the SQL command language and how it is used by attackers to craft SQL Injections. Malcolm begins with commonly encountered relational databases and the basics of the SQL command language. Then he focuses on advanced SQL commands that may be used by attackers to achieve SQL injections. Malcolm explains how to use a simple Python script and how an SQL injection changes the backend SQL query. Then he demonstrates how SQL injections could be used to exploit some testing targets.  Malcolm steps through the process of automating SQL injection exploits, then finishes with advice on how to continue to hone your skills as a penetration tester.",Course,2025-09-19 12:26 UTC,N/A,false,N/A,
Azure Database Administrator Associate (DP-300) Cert Prep: 3 High Availability and Disaster Recovery in Azure Data Services,"Passing the Microsoft DP-300 certification exam allows job seekers to demonstrate proficiency with next-gen, cloud-based database technologies, and in this <i>Azure Database Administrator Associate (DP-300) Cert Prep</i> series of courses, Adam Wilbert takes you through the key aspects of the exam that you need to know. This third and final course in the series highlights the high availability features of Azure, as and shows how to protect your databases with automated backups.",Course,2025-05-31 06:27 UTC,N/A,false,N/A,
AI Pair Programming with GitHub Copilot,"<p>The future of programming is all about collaboration—humans working with machines to achieve exciting and unimagined results. AI pair programming, which integrates human- and machine-generated code, is a prime example of a tool that alleviates tedious, menial tasks to let developers focus their attention on higher-level concerns. In this course, instructor Ronnie Sheer shows you how to get the most out of GitHub Copilot, one of the most useful and impactful new tools for streamlining software development with AI.
 </p><p>
Get a comprehensive introduction on how to use Copilot to integrate your coding with the latest AI technology. Ronnie goes over the major features of the application, focusing specifically on Python and JavaScript, and using back-end and front-end Copilot tools. By the end of this course, you’ll be prepared to create data models, implement REST APIs, and write tests, client-side code and templates, HTML, CSS, and more.
</p>",Course,2025-07-07 18:33 UTC,N/A,false,N/A,
Practice Exam 2 for AWS Cloud Practitioner (CLF-C02),"<p>This practice exam is intended to help you prepare for the <b>AWS Cloud Practitioner (CLF-C02)</b> certification exam. After you launch the practice exam, there are three practice modes available; timed, untimed, or custom. Each mode allows unlimited attempts, explanations for correct and incorrect answers, and detailed exam results. The number and types of questions on the practice exam and the duration of the timed practice exam is intended to be representative of the certification exam.</p><p><b>Want more practice?</b> Additional practice exams for this certification are available and each has a unique question set for continued preparation.</p>
<ul>
<li><a href=""https://www.linkedin.com/learning/practice-exam-1-for-aws-cloud-practitioner-clf-c02/"" target=""_blank"">Practice Exam 1 for AWS Cloud Practitioner (CLF-C02)</a>
</li>
<li><a href=""https://www.linkedin.com/learning/practice-exam-3-for-aws-cloud-practitioner-clf-c02/"" target=""_blank"">Practice Exam 3 for AWS Cloud Practitioner (CLF-C02)</a></li>
<li><a href=""https://www.linkedin.com/learning/practice-exam-4-for-aws-cloud-practitioner-clf-c02"" target=""_blank"">Practice Exam 4 for AWS Cloud Practitioner (CLF-C02)</a></li>
</ul>
<p><b>About the certification</b>: To learn more about this certification, visit <a href=""https://aws.amazon.com/certification/certified-cloud-practitioner/""><b>Amazon Web Services</b></a>.</p>
<p><I>The practice exam questions provided are representative of the certification exam, but not the actual questions you will see on the certification exam. Practice exams are for self-assessment. Passing this practice exam does not guarantee that you will pass the actual certification exam.</I></p>",Course,2025-02-18 13:49 UTC,N/A,false,N/A,
Learning Computer Security and Internet Safety (2022),"Learn how to safeguard your computer, keep your digital data secure, and protect your privacy online. This beginner's guide to cybersecurity, concentrating on Windows, will help you prevent malware, viruses, and security breaches on your computer and your network. First, instructor Jess Stratton guides you through securing your computer—with antivirus software, firewalls, and encryption—and protecting your wireless network. Then, see how to adjust privacy and security settings in popular web browsers, avoid phishing scams, use public Wi-Fi safely, and enable two-step verification for more-secure logins. Then take steps to bolster your online privacy—including choosing better usernames and turning on Do Not Track requests—as well as the privacy of others, by blurring out sensitive information in photos and emails. By the end of this course, you'll have the tools and knowledge to secure your computer and laptop and keep your information safe online.",Course,2024-05-21 16:38 UTC,N/A,false,N/A,
Practice Exam 4 for CompTIA Security+ (SY0-701),"<p>This practice exam is intended to help you prepare for the <b>CompTIA Security+ (SY0-701)</b> certification exam. After you launch the practice exam, there are three practice modes available: timed, untimed, or custom. Each mode allows unlimited attempts, explanations for correct and incorrect answers, and detailed exam results. The number and types of questions on the practice exam and the duration of the timed practice exam is intended to be representative of the certification exam.</p>
<p><b>Want more practice?</b> Additional practice exams for this certification are available and each has a unique question set for continued preparation.</p>
<ul>
<li><a href=""https://www.linkedin.com/learning/practice-exam-1-for-comptia-security-plus-sy0-701/about-the-practice-exam?u=104"" target=""_blank""> Practice Exam 1 for CompTIA Security+ (SY0-701)</a></li>
<li><a href=""https://www.linkedin.com/learning/practice-exam-2-for-comptia-security-plus-sy0-701/about-the-practice-exam?u=104"" target=""_blank"">Practice Exam 2 for CompTIA Security+ (SY0-701)</a></li>
<li><a href=""https://www.linkedin.com/learning/practice-exam-3-for-comptia-security-plus-sy0-701/about-the-practice-exam?u=104"" target=""_blank"">Practice Exam 3 for CompTIA Security+ (SY0-701)</a></li>
</ul>
<p><b>About the certification</b>: To learn more about this certification, visit <b><a href=""https://www.comptia.org/certifications/security#examdetail"" target=""_blank"">CompTIA.</a></b></p>
<p>The practice exam questions provided are representative of the certification exam, but not the actual questions you will see on the certification exam. Practice exams are for self assessment. Passing this practice exam does not guarantee that you will pass the actual certification exam.</p>",Course,N/A,N/A,true,N/A,
Learning Cyber Incident Response and Digital Forensics,"<p>If your organization is the victim of a cyberattack, are you ready to respond? In this course, cybersecurity trainer Jason Dion guides you through the basics of how to conduct an incident response, including how evidence is collected for further digital forensic investigation. Jason explains some fundamentals of digital forensics, like the definition of cybercrime, types of evidence, and best practices. He goes over selecting forensic tools and steps you through conducting a digital forensic investigation. Forensic analysis is also included in a digital forensic investigation, and Jason highlights all the steps you need to take. He also covers crafting and then conducting a cyber incident response. This course serves as an introduction to the field of digital forensics and incident response practices, by providing hands-on demonstrations of various tools and techniques used by real world professionals in the field.</p>
 
<p>This course was created by Jason Dion. We are pleased to host this training in our library.</p>",Course,N/A,N/A,true,N/A,
Expert Tips for Answering Common Interview Questions,"There are certain questions that interviewers volley at nearly all interviewees—regardless of the position or industry—in an attempt to get a read on their personality and potential. Whether you're vying for a gig as an IT specialist or sales manager, you'll likely be asked about your strengths and weaknesses, your leadership style, and other basic professional attributes. In this collection of bite-sized videos, get expert tips that can help you confidently tackle these and other common questions—and, ultimately, ace your next job interview. Plus, get insights on how to dress for your interview, project confidence with your body language, negotiate your salary, and more.",Course,2024-04-29 11:42 UTC,N/A,false,N/A,
CompTIA Security+ (SY0-701) Cert Prep (2024),"CompTIA Security+ is an entry-level certification that requires a thorough understanding of network and device security, risk mitigation strategies, compliance, and more. This course provides CompTIA Security+ candidates with essential information they need to prepare for the qualifying exam. Cybersecurity expert Mike Chapple first goes over some of the basics of the exam, then covers the six domains for the latest version of the exam, SY0-701. He shares study tips that can help you feel prepared to take and pass the test on your first try. Plus, learn where to find practice tests to get hands-on experience and how to keep your certification current by continuing your studies.",Course,N/A,N/A,true,N/A,
GitHub Actions Cert Prep by Microsoft Press,"GitHub Actions makes it easy to automate all your software workflows with world-class CI/CD. Build, test, and deploy your code right from GitHub. This course with instructor Tim Warner imparts the necessary skills and knowledge to understand how your customers can use GitHub Actions to automate their software development workflows. Whether you are a seasoned GitHub Actions user or someone who wants to deeply learn the most important aspects of GitHub Actions, this course is for you. Learn how to author and maintain workflows, consume workflows, author and maintain actions, and manage GitHub actions for the enterprise.",Course,2024-04-03 22:06 UTC,N/A,false,N/A,
Cloud Security Concepts: Services and Compliance,"<p>Understand the basics of cloud security—one of the most critical components of cloud computing. Beginning with the basics, instructor David Linthicum explains the business case for cloud security and provides an overview of the levels and models available, including infrastructure-, application-, and data-level security; identity and risk management; encryption; and multifactor authentication. The course covers the use of generative AI for cloud compliance and the fundamental security services offered by Azure and AWS. It reviews the compliance issues that affect specific industries, such as healthcare, retail, and finance. By the end of this course, you'll have a foundational understanding of the key considerations for identifying your unique security requirements and using the best tools, services, and software to meet those needs. </p><p>This course is part of a <a href=""https://www.linkedin.com/learning/paths/cloud-strategy-professional-certificate-by-linkedin-learning"" target=""_blank"">Professional Certificate</a> from LinkedIn Learning.</p>",Course,2024-10-01 08:06 UTC,N/A,false,N/A,
CompTIA Cybersecurity Analyst (CySA+) (CS0-003) Cert Prep,"Earning the CompTIA Cybersecurity Analyst+ (CySA+) certification demonstrates that you know how to address cybersecurity threats using an analytics-based approach. This course serves as a comprehensive, all-in-one resource for anyone preparing for the CS0-003 exam. Join University of Notre Dame professor and cybersecurity expert Mike Chapple as he shows you the skills you need to know to tackle the official exam. Mike starts with an overview and general information about the exam, and then goes into detail through each domain of the certification test.",Course,2025-09-03 11:55 UTC,N/A,false,N/A,
AWS Certified Cloud Practitioner (CLF-C02) Cert Prep: 2 Security and Compliance,"As part of any good IT infrastructure, security plays an important part in creating a stable technical environment. This course covers the topics from the Security and Compliance domain for the AWS Certified Cloud Practitioner (CLF-C02) exam. With cloud computing becoming more relevant to many professionals’ lives, even if tangentially, it's a vital topic to explore. This course, part of a series of courses designed to help prepare you for the AWS Certified Cloud Practitioner exam, provides you with a high-level grasp of the major security services and concepts in AWS. Instructor Hiroko Nishimura—founder of <a href=""https://awsnewbies.com/about/"">AWS Newbies</a>—provides an overview of security in the cloud. She then delves into the different security services available: Identity Access Management (IAM), Shield, Inspector, and more.",Course,2025-02-06 15:20 UTC,2025-02-06 15:16 UTC,true,N/A,
Succeeding in Project Management as an Introvert,"Project management is a growing profession, yet some parts of the job can be intimidating—particularly for introverts. Although project management requires proactive communication, conflict resolution, assertiveness, and other skills more commonly associated with extroverts, introverts can thrive in this role. In fact, some of the classic traits of introverts—empathy, active listening, and observation skills—make them especially well-suited to this growing profession. In this course, veteran project manager and PM coach Anna Lung'aho Anderson explains how you can succeed in project management as an introvert. Anna covers important topics that all project managers must face—leading meetings, communicating with stakeholders, delegating tasks, managing conflict—all from the perspective of an introvert.",Course,2025-03-08 09:26 UTC,N/A,false,N/A,
Hands-On Advanced Python: Data Engineering Basics,"Looking to get up to speed with advanced coding skills in Python? This course was made for you. Join instructor Joe Marini in this hands-on, interactive, skills-first coding course designed for advanced-level Python developers. Explore critical Python coding skills to boost your technical know-how or prepare for an interview to land a new role. This course includes Code Challenges powered by CoderPad: interactive coding exercises with real-time feedback, so you can get hands-on coding practice to advance your coding skills. Joe helps you develop your skills as a Python programmer with five specific, data-focused coding challenges. Practice parsing and exploring data, working with collections, math and statistics, and more.",Course,2024-03-27 17:33 UTC,N/A,false,N/A,
Building and Auditing a Cybersecurity Program,"If your company has any online presence at all, it should go without saying that you need to devote resources to cybersecurity, as cyber attacks increase and ransomware becomes more commercialized. The goal of this course is to provide a comprehensive methodology with which anyone can use to assess any organization's cybersecurity program, whether you’re an IT or cybersecurity professional, executive, auditor, or a board of directors member. Join cybersecurity professional Michael Ratemo as he teaches you the key elements that make up a cybersecurity program, what to look for when reviewing the various elements, and how to evaluate the effectiveness of the program. Whether you need to build a cybersecurity program from scratch, or understand the state of your organization’s current cybersecurity measures, this course provides valuable information to help you secure your data.",Course,N/A,N/A,true,N/A,
Learning Threat Intelligence,"<p> Threat intelligence is a foundation of cybersecurity—because knowing what you’re defending against helps you focus on the most important things. In this course, Karla Reffold shows how you can easily start and scale a program of cyber threat intelligence so you can avoid wasting resources and instead spend your money on things that actually improve security.
</p><p> 
Join Karla as she shows how businesses can benefit from integrating threat intelligence into their security strategy. Learn how to turn data into actionable intelligence and how to distribute this throughout the business. By understanding who needs what, and how it can be used, you can begin to embed threat intelligence in all areas of your business. Plus, learn how to ask better questions of threat intelligence providers as you gain a greater understanding of the process.",Course,N/A,N/A,true,N/A,
Practical GitHub Copilot,"<p>Copilot—a paid service from GitHub—is revolutionizing the way code is written. According to reports from developers who use it, a vast majority feel more productive and can perform repetitive tasks almost twice as fast. If you're interested in learning how to solve problems with Copilot and become a more efficient developer, join instructor Ray Villalobos in this hands-on course as he shows you not just how to use Copilot to find the best solutions to concrete code problems, but how to make it work best in specific contexts. From setup to navigating the tools to refining the results, Ray demonstrates the practical applications of Copilot’s powerful features.</p><p>This course is part of a <a href=""https://www.linkedin.com/learning/paths/career-essentials-in-github-professional-certificate"">Professional Certificate</a> from GitHub.</p>",Course,2025-02-05 15:47 UTC,2025-02-05 15:43 UTC,false,N/A,
CompTIA Security+ (SY0-701) Cert Prep: 5 Security Program Management and Oversight,"<p>The CompTIA Security+ certification is an excellent entry point for a career in information security. The current version, SY0-701, expands on coverage related to cloud security, security automation and orchestration, cryptography, threat modeling, and security assessment and testing. Instructor Mike Chapple, an IT leader with 20 years of experience, provides you with the detailed information you need to prepare for the Security Program Management and Oversight domain of the exam.</p><p>In this course, part of a multipart series, learn about the core concepts and skills required to manage security policies, security governance, risk analysis, supply chain risk, privacy and compliance, and auditing.</p><p>We are a CompTIA Partner. As such, we are able to offer CompTIA exam vouchers at a 10% discount. For more information on how to obtain this discount, please download <a href=""https://media.licdn.com/media/AAYAAQCwAAoAAQAAAAAAAG3CMmCLXtxNTomv6EtKgcNb7Q.pdf"">these PDF instructions</a>.</p>",Course,2024-05-14 04:58 UTC,N/A,false,N/A,
Artificial Intelligence for Cybersecurity,"Find out how to unleash the power of AI for cybersecurity. Cloud and application security leader Sam Sehgal guides you through using AI, with the needed preparation and guardrails, to solve complex cybersecurity problems. Sam defines artificial intelligence and goes over how to apply AI to cybersecurity. He reviews the disciplines of artificial intelligence, as well as the role of machine learning, and he shows you how to differentiate between discriminative AI and generative AI. Sam details the importance of confidentiality, integrity, and availability in any cybersecurity goal and goes over several cybersecurity gaps and goals. Then he dives into actually solving cybersecurity problems with AI and the myriad ways you can apply machine learning to security.",Course,N/A,N/A,true,N/A,
Cybersecurity Awareness: Protect Your Privacy,"Privacy is an often-overlooked aspect of cybersecurity, but it is a critical piece of your defense to make it harder for bad actors to harm you. In this course, Tate Jarrow teaches the importance of your personal information in your cybersecurity defense, showing you techniques to make it harder for bad actors to find and use your personal information against you. Learn how bad actors find and use your personal information to successfully conduct attacks, and how you can minimize your digital footprint to make it harder for bad actors to do this. Find out how to prevent accidental leaks of your personal information from accounts, apps, and services you use, as well as your personal devices. At the end of the course, you will have easy techniques that can be used to protect you and your families’ personal information, improving your cybersecurity posture.",Course,N/A,N/A,true,N/A,
Public Speaking for Non-Native English Speakers,"Speaking in public isn't easy for most people, and if English isn’t your first or second language, it might be even more challenging. Designed specifically for non-native English speakers, this course provides practical strategies and techniques to increase clarity and confidence when communicating in English. Executive communication coach and professor Dr. Peter Novak embraces linguistic and cultural diversity in the workplace. Instead of focusing on your accent, Dr. Novak encourages you to shift your efforts towards listener-friendly delivery and embrace your multilingual self. He covers strategies to identify and reduce accent bias, plus specific techniques to increase understandability and generate confidence. Dr. Novak presents a step-by-step guide on how to score a script for delivery, so you can focus on making a better connection with the audience. Strengthen your delivery and build your confidence with these easily integrated approaches to public speaking.
<br><br>
Note: This course was created by the Strictly Speaking Group. We are pleased to host this training in our library.",Course,2025-03-09 10:03 UTC,N/A,false,N/A,
AI Governance for Organizations: Applying ISO/IEC 38507:2022,"AI offers unprecedented technology capabilities, but how can you use it effectively, efficiently, and responsibly? In this course, instructor Lyron Andrews demonstrates how to use ISO/IEC 38507:2022 standard as a tool to govern the use of AI at your organization. By the end of this course, you’ll be able to define terms related to AI and governance while understanding the implications and accountability related to its use. Additionally, you’ll be prepared to create and apply policies and decision-making principles that support compliance and risks related to AI governance.",Course,2025-06-07 22:13 UTC,N/A,false,N/A,
Practical GitHub Actions,"<p>For developer professionals, solving problems is a vital part of the job—particularly solving problems that keep coming up. GitHub Actions will let you automate your repetitive problems away, and in this course—created in partnership with GitHub—Ray Villalobos shows you how to set them up to tackle real-world projects. Ray starts with the basics of Actions, going over what you can do with them and how they work. He then shows you the steps necessary to publish a marketplace action, including creating a workflow, a generator repo Dockerfile, entry point, and action.yml file. Finally, Ray takes you through testing and releasing your GitHub Action.
</p><p>If you’re a developer looking to advance your career, or a recent computer science grad searching for a developer role, check out this course to learn practical skills to add your portfolio and enhance your standing in a competitive job market.</p><p>This course is part of a <a href=""https://www.linkedin.com/learning/paths/career-essentials-in-github-professional-certificate"">Professional Certificate</a> from GitHub.</p>",Course,2025-02-05 13:16 UTC,2025-02-05 13:15 UTC,false,N/A,
PHP for WordPress,"Looking to add custom functionality to your WordPress site? In this course, learn what every WordPress developer needs to know to start coding in PHP. Instructor Joe Casabona helps you quickly get up to speed with the popular server-side programming language, explaining just what you need to know to start adding your own custom code. After briefly going over what PHP is, Joe introduces key concepts. Learn about decision-making with conditional statements, creating custom functions, the block and site editor, and how WordPress handles most variables. Along the way, Joe provides challenges that allow you to put your new skills to the test. By the end of this course, you'll be equipped with a basic understanding of PHP and how to use it to make simple modifications in WordPress.",Course,2025-02-04 21:14 UTC,N/A,true,N/A,
"CompTIA Security+ (SY0-601) Cert Prep: 1 Threats, Attacks, and Vulnerabilities","The CompTIA Security+ exam is an excellent entry point for a career in information security. The latest version, SY0-601, expands coverage of cybersecurity threats, risk management, and IoT threats. This course prepares exam candidates for the first domain of the exam, Threats, Attacks, and Vulnerabilities. By learning about malware, networking and application security exploitations, and social engineering, you'll be prepared to answer questions from the exam—and strengthen your own organization's systems and defenses. Instructor Mike Chapple, an IT leader with over 17 years of experience, also covers the processes for discovering and mitigating threats and attacks, automating threat intelligence, scanning for vulnerabilities, and conducting penetration testing.<br><br>We are a CompTIA Partner. As such, we are able to offer CompTIA exam vouchers at a 10% discount. For more information on how to obtain this discount, please download <a href=""https://media.licdn.com/media/AAYAAQCwAAoAAQAAAAAAAG3CMmCLXtxNTomv6EtKgcNb7Q.pdf"" target=""_blank"">these PDF instructions</a>.",Course,N/A,N/A,true,N/A,
Managing Anxiety Triggers with Effective Techniques,"<p>Imagine you are having an anxious moment at work. Instead of letting yourself slip into old patterns of negative thoughts or self-criticisms, you can take a step back and try something new. Maybe move around, go out for lunch, drink some water—just don’t start doom scrolling. Emma Seppala is a lecturer at Yale, and in this course, she details techniques on how to manage anxiety. Emma explains that anxiety is telling you something, and by asking yourself ""what do you need?"" you can reclaim your power and energy. Check out this course to learn how to better deal with anxiety and stop subjecting yourself to self-destructive beliefs and behaviors. 
</p><p> 
This course was created by Morra Aarons-Mele of <i>The Anxious Achiever</i>. We are pleased to offer this insightful discussion in our library.",Course,2025-05-06 06:02 UTC,N/A,false,N/A,
Practical Cybersecurity for IT Professionals,"Learn how to protect your network from cyberattacks through practical, hands-on demonstrations. In this course, Malcolm Shore shows how to use the latest tools to discourage and combat hackers, phishers, and snoops attempting to infiltrate your Windows and Linux systems. Learn what forms cyberattacks can take, as well as the two most common types of protection you can build into your system: Antivirus protection and firewalls. Then, learn how to scan your network for suspicious files, check what services are exposed on your systems, and identify vulnerabilities at the host level with Nessus scans. Malcolm also shows how to combat application-level threats, identify weak points in your web applications,  and monitor packet-level activity on your network.",Course,N/A,N/A,true,N/A,
Windows Server 2022: Implementing Group Policy,"Group Policy is the key to consistent and secure Windows account configuration. It's a major part of Active Directory. Learn how to configure and manage Group Policy in Windows Server 2022 with this course from Windows expert Ed Liberman. Ed covers processing for Group Policy objects, which determines the order in which policies are read and applied, including the default order and exceptions like block inheritance and forced links. He reviews critical settings that every IT admin needs to be able to configure, including administrative template files, folder redirection, and scripts. Then learn how to quickly troubleshoot Group Policy issues and configure passwords and account lockout policies. If you’re looking to gain a thorough understanding of Group Policy and its role in Windows Server administration, check out this course.",Course,2025-05-19 05:53 UTC,N/A,false,N/A,
Deep Dive into Open-Source Intelligence,"If you’ve ever engaged in any sort of internet sleuthing—doing research on a company before an interview, looking up someone on social media before you meet them—then you’ve already engaged in some open-source intelligence, or OSINT. OSINT is, essentially, using publicly available information in an intelligence context. In this course, information security expert Mike Wylie shows how to effectively engage in OSINT, from the value of using it, to methods of gathering information. He covers topics like passive reconnaissance vs. active reconnaissance, methods for tracking organizations and employees, and crafting advanced search queries to find sensitive indexed information.
If you’re conducting any kind of penetration test, OSINT provides a good foundation to get you started.",Course,N/A,N/A,true,N/A,
Reason 12 Essential Training,"Reason is one of the most popular digital audio workstations (DAW) in use today, due to its numerous virtual instruments and creative devices, powerful editing and mixing capabilities, and its ability to use third-party plug-ins. Not only that, many of the devices in the Reason rack exactly emulate their analog counterparts, so you can apply many of the techniques and functionality you learn in reason to tools you’d find in any recording studio. In this course, music producer and sound designer Nate Mars covers everything from the basics of configuring reason to a tour of advanced instruments and sound design. He shows you how to create Reason 12 projects as standalone projects, or as a plug-ins to use with other DAWs. He teaches you how to create and edit MIDI and audio clips, mix and master your own productions, and takes an in-depth look at Reason’s most popular and powerful tool, the Combinator.",Course,2024-11-27 08:30 UTC,N/A,false,N/A,
ISACA Certified Information Systems Auditor (CISA) Cert Prep,"<p>The Certified Information Systems Auditor (CISA) certification enables you to prove your ability to audit an organization's information systems compliance, and this course from Cybrary—a leading cybersecurity professional development platform—puts you on the path to gaining the knowledge you need to pass the exam. Deep dive into the process for auditing information systems. Learn about the government and management of IT. Explore the acquisition, development, and implementations of various information systems. Find out how you can make the best use of information systems operations and business resilience. Plus, review in depth what you’ll need to know about information asset security and control.</p>

<p>This course was created by Cybrary. We are pleased to host this training in our library.</p>",Course,2025-02-06 15:01 UTC,N/A,false,N/A,
Learning Functional Programming with JavaScript ES6+,"Want to write more robust, maintainable code? In this course, discover how this can be accomplished with functional programming, and learn about the functional concepts at the heart of many JavaScript frameworks and programs. Functional programming is a radically different way of writing code. While at first it may seem a bit counterintuitive, once you get comfortable with it, you may find that your code becomes much easier to maintain, as well as more performant. This course aims to teach you everything you need to know to start taking advantage of the incredible power of functional programming in your own code, starting with the basics and going all the way up to more advanced concepts such as recursion, partial application, currying, and more.",Course,2025-01-26 20:26 UTC,N/A,false,N/A,
Practice Exam 2 for CompTIA Security+ (SY0-701),"<p>This practice exam is intended to help you prepare for the <b>CompTIA Security+ (SY0-701)</b> certification exam. After you launch the practice exam, there are three practice modes available: timed, untimed, or custom. Each mode allows unlimited attempts, explanations for correct and incorrect answers, and detailed exam results. The number and types of questions on the practice exam and the duration of the timed practice exam is intended to be representative of the certification exam.</p>
<p><b>Want more practice?</b> Additional practice exams for this certification are available and each has a unique question set for continued preparation.</p>
<ul>
<li><a href=""https://www.linkedin.com/learning/practice-exam-1-for-comptia-security-plus-sy0-701/about-the-practice-exam?u=104"" target=""_blank""> Practice Exam 1 for CompTIA Security+ (SY0-701)</a></li>
<li><a href=""https://www.linkedin.com/learning/practice-exam-3-for-comptia-security-plus-sy0-701/about-the-practice-exam?u=104"" target=""_blank"">Practice Exam 3 for CompTIA Security+ (SY0-701)</a></li>
<li><a href=""https://www.linkedin.com/learning/practice-exam-4-for-comptia-security-plus-sy0-701/about-the-practice-exam?u=104"" target=""_blank"">Practice Exam 4 for CompTIA Security+ (SY0-701)</a></li>
<ul>
<p><b>About the certification</b>: To learn more about this certification, visit <b><a href=""https://www.comptia.org/certifications/security#examdetail"" target=""_blank"">CompTIA.</a></b></p>
<p>The practice exam questions provided are representative of the certification exam, but not the actual questions you will see on the certification exam. Practice exams are for self assessment. Passing this practice exam does not guarantee that you will pass the actual certification exam.</p>",Course,N/A,N/A,true,N/A,
AWS Certified Cloud Practitioner (CLF-C02) Cert Prep: 1 Cloud Concepts,"Amazon Web Services (AWS)—and cloud computing in general—can be difficult for people without technical backgrounds to decipher. This introductory course is a bridge between non-engineers and the cloud. It is the first in a four-part series designed to help professionals in non-technical roles, and maps to the first domain of the AWS Certified Cloud Practitioner CLF-C02 exam. Instructor Hiroko Nishimura—founder of Intro to AWS for Newbies—provides a brief history of cloud computing, an overview of cloud deployment models, and a summary of cloud design principles. She then shows how to create an account and start using the AWS Free Tier to gain hands-on experience with AWS products and services. Plus, get exam tips and learn about resources for professionals studying for the AWS Certified Cloud Practitioner exam.",Course,2025-02-06 12:55 UTC,2025-02-06 12:55 UTC,true,N/A,
Cloud Architecture: Design Decisions,"In this course, David Linthicum—an internationally known enterprise technology thought leader and influencer—explores the essential components of cloud computing architecture. Learn how to make informed design decisions that optimize cloud storage, compute resources, databases, and security across various cloud service providers. Build your understanding of performance operations, security operations, and governance principles. Explore advanced topics such as containerization, serverless computing, edge computing, and AI integration to enhance your cloud solutions. Learn about financial operations and cost management to maximize cloud investments. When you complete this course, you can create robust cloud architectures that deliver business value and stay cost-efficient. Stay ahead of the competition by mastering modern cloud technologies and optimizing your cloud environments for long-term success.",Course,2025-02-15 09:03 UTC,N/A,false,N/A,
Writing in Plain English,"Plain English—writing that is clear and straightforward; targeted at the appropriate reading level; and free of jargon, wordiness, and clichés—is the standard for government communication in the US and is favored by many corporations. In this course, Mignon Fogarty shows you how to use plain language tools to become a better communicator. Mignon starts with a look at how to organize information and define your audience to meet your plain English goals. She then gets into more specifics of plain language writing, like how to choose the best words and sentence structures. Lastly, Mignon shows how you can use artificial intelligence tools to make writing in plain language faster and easier than ever before. Join Mignon to find out how you can use proven techniques to make your writing clear, effective, and even more impressive to your readers.",Course,2024-06-26 12:41 UTC,N/A,false,N/A,
CompTIA Cybersecurity Analyst+ (CySA+) (CS0-003) Cert Prep: 1 Security Operations,"<p>As cybersecurity threats become more sophisticated and pervasive, the need for IT professionals with security analytics expertise has grown exponentially. Earning the CompTIA Cybersecurity Analyst (CySA+) certification shows potential employers that you understand how to tackle cybersecurity threats using a behavioral analytics-based approach. In this course—the first installment in the CompTIA Cybersecurity Analyst+ CySA+ (CS0-003) certification prep series, instructor Mike Chapple covers the topics covered in the Security Operations domain of the exam. Mike details topics concerning operating system security, logging, key infrastructure concepts, network security, identity and access management, and encryption.</p>

<p>LinkedIn Learning is a CompTIA Partner. As such, we are able to offer CompTIA exam vouchers at a 10% discount. For more information on how to obtain this discount, please download <a href=""https://media.licdn.com/media/AAYAAQCwAAoAAQAAAAAAAG3CMmCLXtxNTomv6EtKgcNb7Q.pdf"" target=""_blank"">these PDF instructions</a>.</p>",Course,2024-05-07 11:39 UTC,N/A,true,N/A,
Nano Tips for Working Inclusively with Neurodivergent Employees with Ellie Middleton,"<p>Welcome to our <i>Nano Tips</i> series, where LinkedIn Learning creators deliver impactful lessons in literally seconds. In this installment, explore practical strategies to promote diversity, equity, and inclusion in the workplace and collaborate more effectively with neurodivergent employees.</p><p>Join autistic and ADHD writer, creator, and consultant Ellie Middleton to learn how employers and managers can create a more inclusive, neurodivergent-friendly workplace. Learn the secrets of inclusive instructional design and how to provide neurodivergent employees with additional clarity about time and expectations. Discover the power of saying what you mean, communicating more precisely, avoiding ableist language, and creating a sensory-friendly work environment. Along the way Ellie shares insights drawn from experience to help you continue learning, listen actively, engage in the conversation, and support neurodiversity in the workplace.</p>",Course,2025-03-11 09:27 UTC,N/A,false,N/A,
Red Team Operator Series,"<p>If you want to assess the viability of your security protocols, building a red team can be a smart move. Red teams let you simulate cyber attacks with the same tools and methods used by cybercriminals in the real world. This course, designed by industry-leading cybersecurity professional development platform Cybrary, covers key program-level perspectives and core skills required to run both small and large red teams across an organization. Tasked with overcoming common challenges such as timelines and budgeting constraints, learn how to conduct research, identify vulnerabilities, and perform attacks on your organization’s security system to test its strength and expose its hidden weaknesses. This course is ideal for cybersecurity professionals who direct internal red teams as well as for security consultants, red team members, and ethical hackers.</p><p>Note: This course was created by Cybrary. We are pleased to host this training in our library.</p>",Course,2025-02-06 15:01 UTC,N/A,false,N/A,
Cybersecurity with Cloud Computing,"More and more companies are migrating their applications and infrastructure to the cloud, shifting operational aspects to service providers such as Microsoft and Amazon. However, cloud computing is a shared responsibility, especially when it comes to keeping your data, users, and systems safe. In this course, Malcolm Shore outlines the major forms of cloud technology, its benefits and risks, and the cybersecurity standards and body of knowledge required to mitigate those risks. He introduces concepts such as software as a service (SaaS), platform as a service (PaaS), and infrastructure as a service (IaaS) and the different deployment models available. He then reviews offerings from Microsoft Azure, Amazon Web Services, and Google Apps. Malcolm also shows the Security as a Service (SecaaS) capability of each platform, which can be used to identify unauthorized access and put cloud security defenses like encryption, logging, and monitoring into place.",Course,N/A,N/A,true,N/A,
Cybersecurity Foundations: Security Architecture,"You can optimize your cybersecurity architecture if you understand the core functions and deployment scenarios. In this course, cybersecurity strategist Pete Lindstrom provides a “building blocks” approach to enterprise security architecture, defining its components and functions in a rational, cohesive way that can be leveraged throughout an enterprise to incorporate all of its digital use cases across all of its data centers, clouds, and networks.",Course,2025-02-17 13:11 UTC,N/A,true,N/A,
Detection and Response with XDR: Integrated Security Solutions to Combat Emerging Threats,"Modern security operations face a rapidly evolving threat landscape, making it difficult to gain complete visibility across an array of disparate security tools. Extended detection and response, also known as XDR, can help to bridge that gap by centralizing telemetry, intelligence, and response capabilities from a variety of sources into a single security platform. In this course, join instructors Matt Vander Horst, Steven McNutt, and Katherine McNamara as they explore why XDR is such a game-changer for reducing your detection and response times and optimizing your overall security operations. Along the way, discover practical strategies for implementing XDR within your organization. An ideal fit for cybersecurity professionals, regardless of your technical background or level of experience, this course is designed to equip you with the skills you need to successfully design, implement, and automate threat responses using cutting-edge XDR technology.",Course,2025-02-06 15:01 UTC,N/A,true,N/A,
The Cybersecurity Threat Landscape,"<p>As tech systems continue to grow in complexity, cybersecurity threats are becoming increasingly more effective and damaging. News headlines regularly announce enormous data breaches and sophisticated hacks. How are these attackers getting in, and what actions can you take to protect against them? In this course, Marc Menninger describes some of the most common cybersecurity threats, including phishing and ransomware, deepfakes, unmanaged Internet of Things (IoT) devices, business email compromise, and more. He then teaches the best countermeasures for reducing or eliminating the impact of these threats.</p><p>This course is part of a <a href=""https://www.linkedin.com/learning/paths/career-essentials-in-cybersecurity-by-microsoft-and-linkedin"" target=""_blank"">Professional Certificate</a> from Microsoft.</p>",Course,2025-02-16 20:55 UTC,2025-02-16 20:53 UTC,true,N/A,
"Cybersecurity Foundations: Governance, Risk, and Compliance (GRC) (2023)","<p>Even as protection against cyber threats becomes increasingly more critical, millions of cybersecurity positions continue to remain unfilled. If you’re interested in landing a role in this booming industry—but aren’t currently in a technical field—consider using governance, risk, and compliance (GRC) as your entry point.<p>
<p>GRC, <a href=""https://www.oceg.org/ideas/what-is-grc/"" target=""_blank"">as defined by OCEG</a>, involves using a set of integrated capabilities to collaborate with stakeholders across an organization in order to  "". . . achieve objectives, address uncertainty, and act with integrity.” In this course, AJ Yawn draws upon his 10+ years in the GRC industry to illuminate the fundamental skills and best practices of GRC, so you can determine if it’s a fit for you.</p>",Course,2025-02-14 15:11 UTC,2025-02-14 14:15 UTC,true,N/A,
Excel Supply Chain Analysis: Managing Simulations Using VBA,"<p>Did you know you can record and run Solver macros, generate random inputs, run multiple simulations, and more, in Excel? Moreover, you can do all this without buying expensive specialty software. In this course, instructor Curt Frye shows how to enhance your supply chain analysis using the Solver add-in in combination with VBA. Working from an example transportation problem, Curt steps through creating a reference to the Solver VBA library, recording and running a Solver macro, generating random inputs, and defining a loop structure to run multiple simulations. Then he moves on to enabling detailed analysis by writing model output, creating a results dashboard to analyze your model output, exploring alternative scenarios with a Solver model, and more.</p><p>This course is part of a <a href=""https://www.linkedin.com/learning/paths/cscmp-supply-chain-foundations-transportation-professional-certificate?u=104"" target=""_blank"">Professional Certificate</a> from CSCMP.</p>",Course,2024-06-17 21:23 UTC,N/A,false,N/A,
